あう,会う,"[Godan verb with u ending, intransitive verb] 1. to meet; to encounter; to see {逢う is often used for close friends, etc. and may be associated with drama or pathos; 遭う may have an undesirable nuance} 2. to have an accident; to have a bad experience {Usually written using kana alone, esp. 遭う when in kanji} | Other forms: 逢う 【あう】、遭う 【あう】、遇う 【あう】"
あお,青,"[Noun, No-adjective, Na-adjective] 1. blue 2. green [Noun] 3. green light {Abbreviation, See also 青信号} 4. black (horse coat color) {See also 青毛} [Prefix] 5. immature; unripe; young | Other forms: 蒼 【あお】、碧 【あお】"
あおい,青い,"[I-adjective] 1. blue; green 2. pale {Only applies to 青い, Only applies to 蒼い} 3. unripe; inexperienced {Only applies to 青い, Only applies to 蒼い} | Other forms: 蒼い 【あおい】、碧い 【あおい】 [Notes] 碧い: Out-dated kanji."
あか,赤,"[Noun] 1. red; crimson; scarlet 2. red-containing colour (e.g. brown, pink, orange) 3. Red (i.e. communist) {Colloquialism, often written as アカ} 4. red light {Abbreviation, See also 赤信号} 5. red ink (i.e. in finance or proof-reading); (in) the red {Abbreviation, See also 赤字, See also 赤字} [No-adjective, Noun - used as a prefix] 6. complete; total; perfect; obvious {See also 赤の他人} [Noun] 7. copper {Only applies to 赤, See also 銅 どう} [Place] 8. Aka | Other forms: 紅 【あか】、朱 【あか】、緋 【あか】 [Notes] 緋: Out-dated kanji."
あかい,赤い,[I-adjective] 1. red 2. Red (i.e. communist) | Other forms: 紅い 【あかい】、朱い 【あかい】、緋い 【あかい】、丹い 【あかい】、赭い 【あかい】 [Notes] 朱い: Out-dated kanji. 緋い: Out-dated kanji. 丹い: Out-dated kanji. 赭い: Out-dated kanji.
あかるい,明るい,[I-adjective] 1. bright; colourful 2. cheerful 3. familiar (with); knowledgeable (about) {as 〜に明るい} 4. fair (e.g. politics); clean | Other forms: 明い 【あかるい】 [Notes] 明い: Irregular okurigana usage.
あき,秋,[Temporal noun] 1. autumn; fall
あく,開く,"[Godan verb with ku ending, intransitive verb] 1. to open (e.g. doors) {esp. 開く} 2. to open (e.g. business, etc.) {esp. 開く} 3. to be empty {esp. 空く} 4. to be vacant; to be available; to be free {esp. 空く} 5. to be open (e.g. neckline, etc.) {esp. 明く} 6. to have been opened (of one's eyes, mouth, etc.) {esp. 明く} 7. to come to an end {esp. 明く} [Godan verb with ku ending, Transitive verb] 8. to open (one's eyes, mouth, etc.) {esp. 明く} [Godan verb with ku ending, intransitive verb] 9. to have a hole; to form a gap; to have an interval (between events) {See also 穴が開く} | Other forms: 空く 【あく】、明く 【あく】 [Notes] あく: ichi1, spec 1. 開く: spec 1. あく: ichi1, spec 1. 空く: ichi 1. あく: ichi1, spec1."
あける,開ける,"[Ichidan verb, Transitive verb] 1. to open (a door, etc.); to unwrap (e.g. parcel, package); to unlock {Only applies to 開ける} 2. to open (for business, etc.) {Only applies to 開ける} 3. to empty; to remove; to make space; to make room {esp. 空ける} 4. to move out; to clear out {esp. 空ける} 5. to be away from (e.g. one's house); to leave (temporarily) {esp. 空ける} [Ichidan verb, intransitive verb] 6. to dawn; to grow light {esp. 明ける} 7. to end (of a period, season) {esp. 明ける} 8. to begin (of the New Year) {esp. 明ける} 9. to leave (one's schedule) open; to make time (for) {esp. 明ける} 10. to make (a hole); to open up (a hole) | Other forms: 空ける 【あける】、明ける 【あける】"
あげる,上げる,"[Ichidan verb, Transitive verb] 1. to raise; to elevate {See also 手を挙げる} 2. to do up (one's hair) {See also 髪を上げる} 3. to fly (a kite, etc.); to launch (fireworks, etc.); to surface (a submarine, etc.) 4. to land (a boat) 5. to deep-fry {Only applies to 揚げる} 6. to show someone (into a room) 7. to summon (for geishas, etc.) {Usually written using kana alone, Only applies to 揚げる} 8. to send someone (away) 9. to enrol (one's child in school); to enroll 10. to increase (price, quality, status, etc.); to develop (talent, skill); to improve 11. to make (a loud sound); to raise (one's voice) {See also 声を上げる} 12. to earn (something desirable) 13. to praise 14. to give (an example, etc.); to cite {usu. 挙げる} 15. to summon up (all of one's energy, etc.) {usu. 挙げる} 16. to arrest {Only applies to 挙げる} 17. to nominate {Only applies to 挙げる} 18. to give {Polite (teineigo)} 19. to offer up (incense, a prayer, etc.) to the gods (or Buddha, etc.) 20. to bear (a child) 21. to conduct (a ceremony, esp. a wedding) {usu. 挙げる} [Ichidan verb, intransitive verb] 22. (of the tide) to come in [Ichidan verb, intransitive verb, Transitive verb] 23. to vomit [Auxiliary verb, Ichidan verb] 24. to do for (the sake of someone else) {Usually written using kana alone, Polite (teineigo), after the -te form of a verb} 25. to complete ... {See also 作り上げる, after the -masu stem of a verb} 26. to humbly do ... {Humble (kenjougo), See also 申し上げる, after the -masu stem of a humble verb to increase the level of humility} | Other forms: 挙げる 【あげる】、揚げる 【あげる】"
あさ,朝,"[Adverbial noun, Temporal noun] 1. morning | Other forms: 朝 【あした】"
あさごはん,朝ご飯,[Noun] 1. breakfast | Other forms: 朝御飯 【あさごはん】、朝ごはん 【あさごはん】
あさって,明後日,"[Adverbial noun, Temporal noun] 1. day after tomorrow | Other forms: 明後日 【みょうごにち】"
あし,足,"[Noun] 1. foot {esp. 足} 2. leg {esp. 脚,肢} 3. gait 4. pace 5. bottom structural component (i.e. radical) of a kanji {usu. 脚} 6. means of transportation {Only applies to 足} 7. money; coin {Archaism, See also お足} | Other forms: 脚 【あし】、肢 【あし】"
あした,明日,[Temporal noun] 1. tomorrow 2. near future {Only applies to あす} | Other forms: 明日 【あす】、明日 【みょうにち】
あそこ,あそこ,"[Pronoun, No-adjective] 1. there (place physically distant from both speaker and listener); over there; that place; yonder {Usually written using kana alone, See also 何処, See also 此処, See also 其処} [Noun] 2. genitals {Colloquialism, Only applies to あそこ, Only applies to あすこ} 3. that far (something psychologically distant from both speaker and listener); that much; that point {See also あれほど} | Other forms: 彼処 【あすこ】、彼処 【かしこ】、彼処 【あしこ】、彼処 【あこ】、彼所 【あそこ】、彼所 【あすこ】、彼所 【かしこ】、彼所 【あしこ】、彼所 【あこ】 [Notes] あしこ: Out-dated or obsolete kana usage. あこ: Out-dated or obsolete kana usage. あしこ: Out-dated or obsolete kana usage. あこ: Out-dated or obsolete kana usage."
あそぶ,遊ぶ,"[Godan verb with bu ending, intransitive verb] 1. to play; to enjoy oneself; to have a good time 2. to mess about (with alcohol, gambling, philandery, etc.) 3. to be idle; to do nothing; to be unused 4. to go to (for pleasure or for study) {as 〜に遊ぶ} 5. to intentionally throw a ball to lower the batter's concentration {Baseball term} | Other forms: 遊ぶ 【あすぶ】 [Notes] あすぶ: Out-dated or obsolete kana usage."
あたたかい,暖かい,"[I-adjective] 1. warm; mild; genial {暖かい, 暖い usu. refer to air temperature} | Other forms: 暖かい 【あったかい】、温かい 【あたたかい】、温かい 【あったかい】、暖い 【あたたかい】、暖い 【あったかい】 [Notes] 暖い: Irregular okurigana usage. 暖い: Irregular okurigana usage."
あたま,頭,[Noun] 1. head 2. hair (on one's head) 3. mind; brains; intellect {Only applies to あたま} 4. leader; chief; boss; captain 5. top; tip 6. beginning; start 7. head; person {Only applies to あたま} 8. top structural component of a kanji {Only applies to かしら} | Other forms: 頭 【かしら】
あたらしい,新しい,[I-adjective] 1. new; novel; fresh; recent; latest; up-to-date; modern | Other forms: 新らしい 【あたらしい】 [Notes] 新らしい: Irregular okurigana usage.
あちら,あちら,"[Pronoun, No-adjective] 1. that way (direction distant from both speaker and listener); over there; yonder {Usually written using kana alone, See also 何方 どちら, See also 此方 こちら, See also 其方} 2. that one (something physically distant from both speaker and listener, or something not visible but known by both speaker and listener); that [Pronoun] 3. that person (someone physically distant from both speaker and listener, or someone not present but known by both speaker and listener) {あちら is pol.} 4. there (place distant from both speaker and listener); over there; foreign country (esp. a Western nation) | Other forms: 彼方 【あっち】、彼方 【あち】 [Notes] あち: Out-dated or obsolete kana usage."
あつい,厚い,[I-adjective] 1. thick; deep; heavy {Only applies to 厚い} 2. kind; cordial; hospitable; warm; faithful 3. serious (of an illness) {Only applies to 篤い} 4. abundant {Only applies to 厚い} | Other forms: 篤い 【あつい】
あつい,暑い,"[I-adjective] 1. hot (weather, etc.); warm {Antonym: 寒い}"
あつい,熱い,"[I-adjective] 1. hot (thing) {Antonym: 冷たい} 2. passionate (feelings, etc.); ardent; hot (e.g. gaze) {Antonym: 冷たい} 3. hot (e.g. temper) 4. zealous; enthusiastic; fired up 5. intense; severe; extreme 6. hot (topic); of interest"
あと,後,"[Noun, No-adjective] 1. behind; rear {See also 後ずさり} 2. after; later {See also その後} 3. after one's death 4. remainder; the rest 5. descendant; successor; heir [Adverbial noun] 6. more (e.g. five more minutes); left 7. also; in addition [Noun, No-adjective] 8. past; previous {Archaism}"
あなた,あなた,"[Pronoun, No-adjective] 1. you (referring to someone of equal or lower status) {Usually written using kana alone, Polite (teineigo), 貴女 refers only to females and 貴男 refers only to males} 2. dear (what a wife calls a husband) {Only applies to 貴方, Only applies to 貴男} | Other forms: 貴女 【あなた】、貴男 【あなた】"
あに,兄,[Noun] 1. elder brother; older brother {Humble (kenjougo)}
あね,姉,[Noun] 1. older sister; elder sister {Humble (kenjougo)} [Place] 2. Ane | Other forms: 姐 【あね】
あのう,あのう,1. say; well; errr ... | Other forms: あの、あのー
アパート,アパート,"[Noun] 1. apartment building; apartment block; apartment house {Abbreviation, See also アパートメントハウス} 2. apartment {Abbreviation, See also アパートメント}"
あびる,浴びる,"[Ichidan verb, Transitive verb] 1. to dash over oneself (e.g. water); to take (e.g. shower); to bask in (e.g. the sun); to bathe in; to be flooded with (e.g. light); to be covered in 2. to suffer (e.g. an attack); to draw (e.g. criticism, attention, praise); to have heaped upon; to be showered with"
あぶない,危ない,[I-adjective] 1. dangerous; risky; hazardous; perilous; precarious 2. in danger; in jeopardy; critical; grave; at risk 3. uncertain; unreliable; insecure; unsteady; doubtful 4. close (i.e. a close call); narrow 5. look out!; watch out!
あまい,甘い,[I-adjective] 1. sweet-tasting; sweet; sugary; sugared 2. fragrant (smelling); sweet (music) 3. lightly salted; light in salt; not spicy 4. naive; overly optimistic; soft on; generous; indulgent; easy-going; lenient {See also 甘く見る} 5. half-hearted; not finished properly 6. insufficient; not satisfactory; inadequate; loose 7. mild 8. tempting; enticing; luring {See also 甘い言葉}
あまり,あまり,"[Na-adjective, Adverb, No-adjective, Noun, Noun - used as a suffix] 1. remainder; rest; balance; remains; scraps; residue; remnant {Usually written using kana alone} [Adverb] 2. not very (with negative sentence); not much {Usually written using kana alone} [Adverb, No-adjective] 3. surplus; excess; fullness; too much {Usually written using kana alone, See also の余り のあまり} [Noun - used as a suffix] 4. more than; over | Other forms: 余り 【あんまり】、餘り 【あまり】、餘り 【あんまり】 [Notes] 餘り: Out-dated kanji. 餘り: Out-dated kanji."
あめ,雨,[Noun] 1. rain
あめ,飴,"[Noun] 1. (hard) candy; toffee {Food term} 2. rice-sugar; sugar made from the starch of rice, potatoes, etc. {Food term} 3. amber; yellowish-brown {Abbreviation, See also 飴色}"
あらう,洗う,"[Godan verb with u ending, Transitive verb] 1. to wash 2. to investigate"
ある,ある,"Godan verb with ru ending (irregular verb), intransitive verb 1. to be (usu. of inanimate objects); to exist; to live {Usually written using kana alone, See also 居る いる} 2. to have {Usually written using kana alone} 3. to be located {Usually written using kana alone} 4. to be equipped with {Usually written using kana alone} 5. to happen; to come about {Usually written using kana alone} | Other forms: 在る 【ある】"
あるく,歩く,"[Godan verb with ku ending, intransitive verb] 1. to walk"
あれ,あれ,"[Noun] 1. that (indicating something distant from both speaker and listener (in space, time or psychologically), or something understood without naming it directly) {Usually written using kana alone, See also 何れ, See also 此れ, See also 其れ} 2. that person (used to refer to one's equals or inferiors) 3. over there {Archaism} 4. down there (i.e. one's genitals) {Colloquialism, Only applies to あれ} 5. period; menses {Colloquialism, Only applies to あれ} 6. hey (expression of surprise, suspicion, etc.); huh?; eh? {Usually written using kana alone} [Noun] 7. that (something mentioned before which is distant psychologically or in terms of time) {Usually written using kana alone} | Other forms: 彼 【あ】 [Notes] あ: Out-dated or obsolete kana usage."
いいえ,否,1. no; nay {Usually written using kana alone} 2. well; er; why {Usually written using kana alone} 3. you're welcome; not at all; don't mention it {Usually written using kana alone} | Other forms: 否 【いいや】、否 【いえ】、否 【いな】、否 【いや】
いう,言う,"[Godan verb with u ending] 1. to say; to utter; to declare 2. to name; to call 3. to go (e.g. ""the alarm went ping""); to make a noise {Only applies to 言う} | Other forms: 言う 【ゆう】、云う 【いう】、云う 【ゆう】、謂う 【いう】、謂う 【ゆう】"
いえ,家,[Noun] 1. house; residence; dwelling 2. family; household 3. lineage; family name
いく,行く,"[Godan verb - Iku/Yuku special class, intransitive verb] 1. to go; to move (in a direction or towards a specific location); to head (towards); to be transported (towards); to reach {See also 来る くる} 2. to proceed; to take place {See also 旨く行く, い sometimes omitted in auxiliary use} 3. to pass through; to come and go 4. to walk 5. to die; to pass away {Only applies to 逝く} 6. to do (in a specific way) 7. to stream; to flow [Auxiliary verb] 8. to continue [Godan verb - Iku/Yuku special class, intransitive verb] 9. to have an orgasm; to come; to cum {Usually written using kana alone} 10. to trip; to get high; to have a drug-induced hallucination {Usually written using kana alone, Slang} | Other forms: 行く 【ゆく】、往く 【いく】、往く 【ゆく】、逝く 【いく】、逝く 【ゆく】 [Notes] 往く: Out-dated kanji. 往く: Out-dated kanji. 逝く: Out-dated kanji. 逝く: Out-dated kanji."
いくつ,いくつ,[Adverb] 1. how many? {Usually written using kana alone} 2. how old?
いくら,幾ら,"[Adverb, Noun] 1. how much?; how many? {Usually written using kana alone} [Adverb] 2. even; even if"
いけ,池,[Noun] 1. pond
いしゃ,医者,"[Noun] 1. (medical) doctor; physician {Sensitive, See also お医者さん, pol. お医者さん}"
いす,椅子,[Noun] 1. chair; stool 2. post; office; position | Other forms: 倚子 【いす】、イス [Notes] 倚子: Out-dated kanji.
いそがしい,忙しい,[I-adjective] 1. busy; occupied; hectic 2. restless; hurried; fidgety | Other forms: 忙がしい 【いそがしい】、忙しい 【せわしい】 [Notes] 忙がしい: Irregular okurigana usage.
いたい,痛い,"[I-adjective] 1. painful; sore [I-adjective, Suffix] 2. exceeding {See also 甚く, esp. 甚い} | Other forms: 甚い 【いたい】"
いち,一,"[Numeric, Prefix] 1. one {See also ワン, １ can also be read ワン. 壱, 弌 and 壹 are used in legal documents} [No-adjective, Suffix] 2. best [No-adjective] 3. first; foremost [Noun] 4. beginning; start 5. bottom string (on a shamisen, etc.) | Other forms: １ 【いち】、壱 【いち】、弌 【いち】、壹 【いち】 [Notes] 壹: Out-dated kanji."
いちにち,一日,"[Noun] 1. one day 2. first day of the month {See also ついたち} | Other forms: 一日 【いちじつ】、一日 【ひとひ】、一日 【ひとえ】、１日 【いちにち】、１日 【いちじつ】、１日 【ひとひ】、１日 【ひとえ】 [Notes] いちにち: ichi1, spec 1. 一日: ichi 1. 一日: ichi 1. ひとひ: Out-dated or obsolete kana usage. 一日: ichi 1. ひとえ: Out-dated or obsolete kana usage. 一日: ichi 1. いちにち: ichi1, spec 1. １日: spec 1. １日: spec 1. ひとひ: Out-dated or obsolete kana usage. １日: spec 1. ひとえ: Out-dated or obsolete kana usage. １日: spec1."
いちばん,一番,"[Noun, No-adjective] 1. number one; first; first place [Adverb] 2. best; most [Noun] 3. game; round; bout [Adverb] 4. as a test; as an experiment; by way of experiment; by way of trial; tentatively {See also 試しに} [Noun] 5. song (e.g. in noh); piece [Place] 6. Ichiban | Other forms: １番 【いちばん】"
いつ,いつ,"[Adverbial noun, Pronoun] 1. when; how soon {Usually written using kana alone}"
いつか,五日,[Noun] 1. the fifth day of the month 2. five days [Place] 3. Itsuka | Other forms: ５日 【いつか】
いっさくねん,一昨年,"[Adverbial noun, Temporal noun] 1. year before last | Other forms: 一昨年 【おととし】、おと年 【おととし】"
いっしょ,一緒,"[Adverbial noun, Noun, No-adjective] 1. together {See also 御一緒} 2. at the same time 3. same; identical | Other forms: 一しょ 【いっしょ】 [Notes] 一しょ: Irregular okurigana usage."
いつつ,五つ,[Numeric] 1. five | Other forms: ５つ 【いつつ】、伍つ 【いつつ】 [Notes] 伍つ: Out-dated kanji.
いつも,いつも,"[Adverb, Noun] 1. always; usually; every time {Usually written using kana alone} 2. never {Usually written using kana alone, with neg. verb}"
いぬ,犬,"[Noun] 1. dog (Canis (lupus) familiaris) 2. snoop (i.e. a detective, a spy, etc.) 3. loser; asshole {Derogatory} [Noun - used as a prefix] 4. counterfeit; inferior; useless; wasteful | Other forms: 狗 【いぬ】、イヌ"
いま,今,"[Adverbial noun, Noun] 1. now; the present time; just now; soon; immediately; (one) more"
いみ,意味,"[Noun, Suru verb] 1. meaning; significance"
いもうと,妹,[Noun] 1. younger sister {Humble (kenjougo)}
いや,嫌,"[Na-adjective, Noun] 1. disagreeable; detestable; unpleasant; reluctant | Other forms: 厭 【いや】、厭や 【いや】、嫌 【や】、厭 【や】、イヤ [Notes] 厭や: Irregular okurigana usage."
いりぐち,入口,"[Noun, No-adjective] 1. entrance; entry; gate; approach; mouth {See also 出口} | Other forms: 入口 【いりくち】、入口 【はいりぐち】、入口 【はいりくち】、入り口 【いりぐち】、入り口 【いりくち】、入り口 【はいりぐち】、入り口 【はいりくち】"
いる,いる,"[Ichidan verb, intransitive verb] 1. to be (of animate objects); to exist {Usually written using kana alone, See also 在る} 2. to stay {Usually written using kana alone} [Ichidan verb, Auxiliary verb] 3. verb indicating continuing action or state (i.e. to be ..ing, to have been ..ing) {Usually written using kana alone, after the -te form of a verb, the い is sometimes dropped}"
いる,要る,"[Godan verb with ru ending, intransitive verb] 1. to need; to want {Usually written using kana alone}"
いれる,入れる,"[Ichidan verb, Transitive verb] 1. to put in; to let in; to take in; to bring in; to insert; to set (a jewel, etc.); to ink in (e.g. a tattoo) 2. to admit; to accept; to employ; to hire 3. to accept; to comply; to grant; to adopt (a policy, etc.); to take (advice, etc.); to listen to; to pay attention to {esp. 容れる} 4. to include 5. to pay (one's rent, etc.) 6. to cast (a vote) 7. to make (tea, coffee, etc.) {See also 淹れる} 8. to turn on (a switch, etc.) 9. to send (a fax); to call | Other forms: 容れる 【いれる】、函れる 【いれる】"
いろ,色,[Noun] 1. colour; color 2. complexion 3. appearance; look 4. love; lust; sensuality; love affair; lover {See also 色仕掛け} 5. kind; type; variety {also written 種}
いろいろ,色々,"[Noun, Na-adjective, No-adjective, Adverb, Adverb taking the 'to' particle] 1. various {Usually written using kana alone} 2. various colors (colours) {Archaism} | Other forms: 色色 【いろいろ】"
うえ,上,"[Noun, No-adjective, Adverbial noun, Noun - used as a suffix] 1. above; up; over; elder (e.g. daughter) 2. top; summit 3. surface; on 4. before; previous 5. superiority; one's superior (i.e. one's elder) 6. on top of that; besides; what's more 7. upon (further inspection, etc.); based on (and occurring after) 8. matters concerning...; as concerns ... 9. since (i.e. ""for that reason"") {as ...上は} [Noun - used as a suffix] 10. suffix indicating higher social standing {Honorific or respectful (sonkeigo), See also 父上} 11. place of one's superior (i.e. the throne) {Archaism} 12. emperor; sovereign; shogun; daimyo {Archaism} 13. noblewoman (esp. the wife of a nobleman) {Archaism}"
うしろ,後ろ,"[Noun, No-adjective] 1. back; behind; rear | Other forms: 後 【うしろ】 [Notes] 後: Irregular okurigana usage."
うすい,薄い,"[I-adjective] 1. thin 2. pale; light 3. watery; dilute; sparse 4. weak (taste, etc.) 5. slim (probability, etc.); small"
うた,歌,"[Noun] 1. song {Only applies to 歌, Only applies to 唄, 唄 is primarily used for shamisen songs} 2. classical Japanese poetry (esp. tanka) {Only applies to 歌, See also 短歌} 3. modern poetry {Only applies to 歌, Only applies to 詩} | Other forms: 唄 【うた】、詩 【うた】"
うたう,歌う,"[Godan verb with u ending, Transitive verb, intransitive verb] 1. to sing [Godan verb with u ending, Transitive verb] 2. to sing (one's praises in a poem, etc.); to compose a poem; to recite a poem {esp. 歌う, 詠う} | Other forms: 唄う 【うたう】、謡う 【うたう】、詠う 【うたう】、唱う 【うたう】"
うまれる,生まれる,"[Ichidan verb, intransitive verb] 1. to be born | Other forms: 産まれる 【うまれる】、生れる 【うまれる】、産れる 【うまれる】"
うみ,海,[Noun] 1. sea; ocean; waters | Other forms: 海 【み】、海 【わた】、海 【わだ】 [Notes] み: Out-dated or obsolete kana usage. わた: Out-dated or obsolete kana usage. わだ: Out-dated or obsolete kana usage.
うる,売る,"[Godan verb with ru ending, Transitive verb] 1. to sell"
うるさい,うるさい,[I-adjective] 1. noisy; loud {Usually written using kana alone} 2. annoying; troublesome; tiresome; persistent; importunate {Usually written using kana alone} 3. fussy; finicky; picky; particular; nagging; fastidious; bossy {Usually written using kana alone} 4. shut up!; be quiet! {Usually written using kana alone} | Other forms: 五月蝿い 【うるさい】、五月蠅い 【うるさい】、煩さい 【うるさい】、ウルサイ [Notes] うるさい: ichi 1. 煩い: ichi 1. うるさい: ichi 1. 五月蝿い: Ateji (phonetic) reading. うるさい: ichi 1. 五月蠅い: Ateji (phonetic) reading. うるさい: ichi 1. 煩さい: Irregular okurigana usage.
うわぎ,上着,[Noun] 1. coat; tunic; jacket; outer garment | Other forms: 上衣 【うわぎ】、表着 【うわぎ】、上衣 【じょうい】
え,絵,"[Noun, Noun - used as a suffix] 1. picture; drawing; painting; sketch"
えいが,映画,"[Noun, No-adjective] 1. movie; film"
えいがかん,映画館,[Noun] 1. movie theatre; movie theater; cinema
えいご,英語,"[Noun, No-adjective] 1. English (language)"
ええ,ええ,"1. yes; that is correct; right 2. um; errr 3. huh? 4. grrr; gah; Must I? [Noun or verb acting prenominally] 5. good {Kansai dialect, See also 良い} | Other forms: えー [Notes] えー: Irregular kana usage."
えき,駅,[Noun] 1. station | Other forms: 驛 【えき】 [Notes] 驛: Out-dated kanji.
エレベーター,エレベーター,"[Noun] 1. elevator; lift 2. elevator (aviation) {See also 昇降舵} | Other forms: エレベータ [Notes] エレベーター: gai1, ichi1."
えんぴつ,鉛筆,[Noun] 1. pencil | Other forms: エンピツ
おいしい,おいしい,[I-adjective] 1. delicious; tasty; sweet {Usually written using kana alone} | Other forms: オイシイ
おおい,多い,[I-adjective] 1. many; numerous; a lot 2. large quantity; large amount 3. frequent; common
おおきい,大きい,[I-adjective] 1. big; large; great; loud
おおきな,大きな,[Pre-noun adjectival] 1. big; large; great {See also 小さな}
おおぜい,大勢,"[Noun, No-adjective] 1. many; crowd; great number of people | Other forms: 大勢 【たいぜい】、大ぜい 【おおぜい】、大ぜい 【たいぜい】"
おかあさん,お母さん,"[Noun] 1. mother {Honorific or respectful (sonkeigo), See also 母さん} | Other forms: 御母さん 【おかあさん】"
おかし,お菓子,[Noun] 1. confections; sweets; candy | Other forms: 御菓子 【おかし】
おかね,お金,"[Noun] 1. money {Polite (teineigo), See also 金 かね} | Other forms: 御金 【おかね】"
おきる,起きる,"[Ichidan verb, intransitive verb] 1. to get up; to rise; to blaze up (fire) 2. to wake up; to be awake; to stay awake 3. to occur (usu. of unfavourable incidents); to happen; to take place"
おく,置く,"[Godan verb with ku ending, Transitive verb] 1. to put; to place 2. to leave (behind) 3. to establish (an organization, a facility, a position, etc.); to set up 4. to appoint (someone to a certain position); to hire; to employ 5. to place (one's trust, one's faith, etc); to bear (in mind etc) 6. to put down a tool (e.g. a pen) hence stopping what one is doing with that tool 7. to take in (boarders, etc.); to provide lodging in one's house 8. to separate spatially or temporally [Godan verb with ku ending, Auxiliary verb] 9. to do something in advance {Usually written using kana alone, after the -te form of a verb} 10. to leave something in a certain state; to keep something in a certain state {Usually written using kana alone, after the -te form of a verb}"
おくさん,奥さん,[Noun] 1. wife; your wife; his wife; married lady; madam {Honorific or respectful (sonkeigo)}
おさけ,お酒,"[Noun] 1. alcohol; sake {Polite (teineigo), See also 酒} | Other forms: 御酒 【おさけ】、御酒 【ごしゅ】"
おさら,お皿,[Noun] 1. plate; dish {See also 皿}
おしえる,教える,"[Ichidan verb, Transitive verb] 1. to teach; to instruct 2. to tell; to inform 3. to preach | Other forms: 訓える 【おしえる】 [Notes] 訓える: Out-dated kanji."
おす,押す,"[Godan verb with su ending, Transitive verb] 1. to push; to press {Only applies to 押す} 2. to apply pressure from above; to press down {Only applies to 押す, Only applies to 圧す} 3. to stamp (i.e. a passport); to apply a seal {Only applies to 押す, Only applies to 捺す, See also 判を押す} 4. to affix (e.g. gold leaf) {Only applies to 押す} 5. to press (someone for something); to urge; to compel; to influence {Only applies to 押す} 6. to overwhelm; to overpower; to repress {Only applies to 押す, Only applies to 圧す} 7. to push (events along); to advance (a plan) {Only applies to 押す} 8. to do in spite of ...; to do even though ...; to force {Only applies to 押す} 9. to make sure {Only applies to 押す, See also 念を押す ねんをおす, See also 駄目を押す だめをおす} 10. to be pressed for time {Only applies to 押す} 11. to advance troops; to attack {Only applies to 押す} 12. (of light) to be diffused across an entire surface {Only applies to 押す} | Other forms: 圧す 【おす】、捺す 【おす】"
おそい,遅い,"[I-adjective] 1. slow {Only applies to 遅い, Only applies to 鈍い} 2. late (e.g. ""late at night"") 3. too late {Only applies to 遅い, Only applies to 鈍い} 4. dull; stupid {Archaism, Only applies to 遅い, Only applies to 鈍い} | Other forms: 鈍い 【おそい】、晩い 【おそい】、遲い 【おそい】 [Notes] 遲い: Out-dated kanji."
おちゃ,お茶,"[Noun] 1. tea (usu. green) {Polite (teineigo), See also 茶} 2. tea break (at work) 3. tea ceremony {See also 茶の湯} | Other forms: 御茶 【おちゃ】"
おてあらい,お手洗い,[Noun] 1. toilet; restroom; lavatory; bathroom | Other forms: 御手洗い 【おてあらい】
おとうさん,お父さん,"[Noun] 1. father; dad; papa; pa; pop; daddy; dada {Honorific or respectful (sonkeigo), See also 父さん} | Other forms: お父さん 【おとっさん】、御父さん 【おとうさん】、御父さん 【おとっさん】 [Notes] おとっさん: Out-dated or obsolete kana usage. おとっさん: Out-dated or obsolete kana usage."
おとうと,弟,"[Noun] 1. younger brother; little brother; kid brother {Humble (kenjougo)} 2. pupil; apprentice {Archaism, Only applies to てい} | Other forms: 弟 【おと】、弟 【おとと】、弟 【てい】 [Notes] おとと: Irregular kana usage."
おとこ,男,"[Noun, Noun - used as a prefix] 1. man; male {See also 女 おんな} [Noun] 2. fellow; guy; chap; bloke 3. male lover; boyfriend; man 4. manliness; manly honor; manly honour; manly reputation | Other forms: 男 【おっこ】 [Notes] おっこ: Out-dated or obsolete kana usage."
おとこのこ,男の子,"[Expression, Noun] 1. boy; male child; baby boy | Other forms: 男の児 【おとこのこ】、男のコ 【おとこのコ】 [Notes] 男の児: Out-dated kanji."
おととい,一昨日,"[Adverbial noun, Temporal noun] 1. day before yesterday | Other forms: 一昨日 【おとつい】、一昨日 【いっさくじつ】 [Notes] おととい: Gikun (meaning as reading) or jukujikun (special kanji reading). おとつい: Gikun (meaning as reading) or jukujikun (special kanji reading)."
おとな,大人,"[Noun, No-adjective] 1. adult | Other forms: 大人 【だいにん】"
おなか,お腹,[Noun] 1. stomach {Polite (teineigo)} | Other forms: 御腹 【おなか】、お中 【おなか】、御中 【おなか】
おなじ,同じ,"[Noun or verb acting prenominally, Noun] 1. same; identical; equal; uniform; equivalent; similar; common (origin); changeless; alike [Adverb] 2. (usu. part of a 'nara' conditional) anyway; anyhow; in either case | Other forms: 同じ 【おんなじ】"
おにいさん,お兄さん,"[Noun] 1. older brother; elder brother {Honorific or respectful (sonkeigo), See also 兄さん} 2. (vocative) young man; buddy; fella; laddie | Other forms: 御兄さん 【おにいさん】"
おねえさん,お姉さん,"[Noun] 1. elder sister {Honorific or respectful (sonkeigo), See also 姉さん, usu. お姉さん} 2. (vocative) young lady {See also 姉さん} 3. miss (referring to a waitress, etc.) {See also 姉さん, usu. お姐さん} 4. ma'am (used by geisha to refer to their superiors) {See also 姉さん, usu. お姐さん} 5. older girl (no relation) | Other forms: お姐さん 【おねえさん】、御姉さん 【おねえさん】、御姐さん 【おねえさん】"
おばあさん,お祖母さん,"[Noun] 1. grandmother {Usually written using kana alone, See also 祖母さん, usu. お祖母さん} 2. old woman; female senior citizen {Usually written using kana alone, See also 婆さん, usu. お婆さん} | Other forms: お婆さん 【おばあさん】、御祖母さん 【おばあさん】、御婆さん 【おばあさん】、おばーさん、オバアサン、おバアさん、オバーサン、おバーさん [Notes] おばーさん: Irregular kana usage."
おばさん,伯母さん,"[Noun] 1. aunt {Honorific or respectful (sonkeigo), Familiar language, Usually written using kana alone, 伯母さん is older than one's parent and 叔母さん is younger} | Other forms: 叔母さん 【おばさん】"
おふろ,お風呂,[Noun] 1. bath {See also 風呂} | Other forms: 御風呂 【おふろ】
おべんとう,お弁当,[Noun] 1. bento; Japanese box lunch {See also 弁当} | Other forms: 御弁当 【おべんとう】
おぼえる,覚える,"[Ichidan verb, Transitive verb] 1. to memorize; to memorise; to commit to memory; to learn by heart; to bear in mind; to remember 2. to learn; to pick up; to acquire {Only applies to 覚える} 3. to feel {Only applies to 覚える} 4. to think; to regard {Only applies to 覚える} | Other forms: 憶える 【おぼえる】"
おまわりさん,おまわりさん,"[Noun] 1. police officer {Familiar language, Usually written using kana alone, See also 巡査} | Other forms: 御巡りさん 【おまわりさん】"
おもい,重い,"[I-adjective] 1. heavy; weighty; massive {Antonym: 軽い} 2. heavy (feeling); depressed; gloomy; blue; uneasy 3. slow; sluggish; lumbering; ponderous; clumsy 4. important; serious; grave {of a position, responsibility, etc.} 5. serious; severe; critical {of a punishment, illness, etc.} 6. solid; established; dignified; sensible"
おもしろい,面白い,[I-adjective] 1. interesting; fascinating; intriguing; enthralling 2. amusing; funny; comical 3. pleasant; enjoyable; agreeable; fun
およぐ,泳ぐ,"[Godan verb with gu ending, intransitive verb] 1. to swim | Other forms: 游ぐ 【およぐ】"
おりる,降りる,"[Ichidan verb, intransitive verb] 1. to descend (e.g. a mountain); to go down; to come down {esp. 下りる} 2. to alight (e.g. from bus); to get off; to disembark; to dismount {esp. 降りる} 3. to step down; to retire; to give up; to quit 4. to be granted; to be issued; to be given {esp. 下りる} 5. to form (of frost, dew, mist, etc.) {esp. 降りる} 6. to be passed (from the body; e.g. of a roundworm) {See also 下り物, esp. 下りる} | Other forms: 下りる 【おりる】"
おわる,終わる,"[Godan verb with ru ending, intransitive verb, Auxiliary verb] 1. to finish; to end; to close {also written 了る, 卒る, etc.} | Other forms: 終る 【おわる】、了わる 【おわる】、卒わる 【おわる】、畢わる 【おわる】、竟わる 【おわる】"
おんがく,音楽,[Noun] 1. music; musical movement
おんな,女,"[Noun, Noun - used as a prefix] 1. female; woman; female sex {See also 男 おとこ, can be blunt when used alone} [Noun] 2. female lover; girlfriend; mistress; (someone's) woman | Other forms: 女 【おみな】、女 【おうな】、女 【うみな】、女 【おな】 [Notes] おみな: Out-dated or obsolete kana usage. おうな: Out-dated or obsolete kana usage. うみな: Out-dated or obsolete kana usage. おな: Out-dated or obsolete kana usage."
おんなのこ,女の子,"[Expression, Noun] 1. girl; daughter 2. young woman | Other forms: 女の児 【おんなのこ】、女のコ 【おんなのコ】、おんにゃのこ"
がいこく,外国,"[Noun, No-adjective] 1. foreign country | Other forms: 外国 【そとぐに】 [Notes] そとぐに: Out-dated or obsolete kana usage."
がいこくじん,外国人,[Noun] 1. foreigner; foreign citizen; foreign national; alien; non-Japanese {See also 内国人}
かいしゃ,会社,[Noun] 1. company; corporation 2. workplace
かいだん,階段,[Noun] 1. stairs; stairway; staircase
かいもの,買い物,"[Noun, No-adjective] 1. shopping; purchased goods | Other forms: 買物 【かいもの】"
かう,買う,"[Godan verb with u ending, Transitive verb] 1. to buy; to purchase {in western Japan, 買う conjugates euphonically as こうた, こうて, etc.} 2. to value; to have a high opinion 3. to stir; to provoke [Notes] かう: ichi1, news1, nf 10. 買う: ichi1, news1, nf10."
かえす,返す,"[Godan verb with su ending, Transitive verb] 1. to return (something); to restore; to put back {See also 帰す かえす, esp. 返す} 2. to turn over; to turn upside down; to overturn 3. to pay back; to retaliate; to reciprocate {esp. 返す} [Suffix, Godan verb with su ending] 4. to repeat ...; to do ... back {after the -masu stem of a verb} | Other forms: 反す 【かえす】 [Notes] かえす: ichi1, news1, nf18, nf 20. 返す: ichi1, news1, nf 20. かえす: ichi1, news1, nf18, nf 20. 反す: news1, nf18."
かえる,帰る,"[Godan verb with ru ending, intransitive verb] 1. to return; to come home; to go home; to go back {See also 返る} 2. to leave {of a guest, customer, etc.} 3. to get home; to get to home plate {Baseball term} | Other forms: 還る 【かえる】、歸る 【かえる】 [Notes] 歸る: Out-dated kanji."
かかる,かかる,"[Godan verb with ru ending, intransitive verb] 1. to take (a resource, e.g. time or money) {Usually written using kana alone, See also 時間がかかる} [Godan verb with ru ending] 2. to hang {Usually written using kana alone} 3. to come into view; to arrive {Usually written using kana alone, See also お目にかかる} 4. to come under (a contract, a tax) {Usually written using kana alone} 5. to start (engines, motors) {Usually written using kana alone} 6. to attend; to deal with; to handle {Usually written using kana alone} [Godan verb with ru ending, Auxiliary verb] 7. to have started to; to be on the verge of {Usually written using kana alone} [Godan verb with ru ending] 8. to overlap (e.g. information in a manual); to cover {Usually written using kana alone} [Godan verb with ru ending, Auxiliary verb] 9. to (come) at {Usually written using kana alone} [Godan verb with ru ending] 10. to be fastened {Usually written using kana alone, See also 鍵がかかる} 11. to be covered (e.g. with dust, a table-cloth, etc.) {Usually written using kana alone} 12. to be caught in {Usually written using kana alone, See also 罠にかかる} 13. to get a call {Usually written using kana alone, See also 電話が掛かる} 14. to depend on {Usually written using kana alone} | Other forms: 懸かる 【かかる】、掛る 【かかる】、懸る 【かかる】"
かぎ,鍵,[Noun] 1. key 2. lock {See also 錠} | Other forms: 鑰 【かぎ】、カギ
かく,書く,"[Godan verb with ku ending, Transitive verb] 1. to write; to compose; to pen 2. to draw; to paint {See also 描く かく}"
がくせい,学生,[Noun] 1. student (esp. a university student)
かける,かける,"[Ichidan verb, Transitive verb] 1. to hang (e.g. picture); to hoist (e.g. sail); to raise (e.g. flag) {Usually written using kana alone, See also 壁にかける} 2. to sit {Usually written using kana alone, See also 腰を掛ける} 3. to take (time, money); to expend (money, time, etc.) {Usually written using kana alone, See also 時間を掛ける} 4. to make (a call) {Usually written using kana alone, See also 電話を掛ける} 5. to multiply {Usually written using kana alone} 6. to secure (e.g. lock) {Usually written using kana alone, See also 鍵を掛ける} 7. to put on (glasses, etc.) {Usually written using kana alone, See also 眼鏡を掛ける} 8. to cover {Usually written using kana alone} 9. to burden someone {Usually written using kana alone, See also 迷惑を掛ける} 10. to apply (insurance) {Usually written using kana alone, See also 保険を掛ける} 11. to turn on (an engine, etc.); to set (a dial, an alarm clock, etc.) {Usually written using kana alone} 12. to put an effect (spell, anaesthetic, etc.) on {Usually written using kana alone} 13. to hold an emotion for (pity, hope, etc.) {Usually written using kana alone} 14. to bind {Usually written using kana alone, also 繋ける} 15. to pour (or sprinkle, spray, etc.) onto {Usually written using kana alone, See also 塩をかける} 16. to argue (in court); to deliberate (in a meeting); to present (e.g. idea to a conference, etc.) {Usually written using kana alone, See also 裁判に掛ける} 17. to increase further {Usually written using kana alone} 18. to catch (in a trap, etc.) {Usually written using kana alone} 19. to set atop {Usually written using kana alone} 20. to erect (a makeshift building) {Usually written using kana alone} 21. to hold (a play, festival, etc.) {Usually written using kana alone} 22. to wager; to bet; to risk; to stake; to gamble {Usually written using kana alone, See also 賭ける かける} [Suffix, Ichidan verb] 23. to be partway doing ...; to begin (but not complete) ...; to be about to ... {Usually written using kana alone, See also 話し掛ける, after -masu stem of verb} 24. indicates (verb) is being directed to (someone) {Usually written using kana alone, See also 話し掛ける, after -masu stem of verb} | Other forms: 懸ける 【かける】"
かさ,傘,[Noun] 1. umbrella; parasol 2. something shaped like an umbrella or a conical hat; shade (of a lamp); mushroom cap; pileus {See also 笠 かさ}
かす,貸す,"[Godan verb with su ending, Transitive verb] 1. to lend; to loan 2. to rent out; to hire out | Other forms: 藉す 【かす】"
かぜ,風,"[Noun] 1. wind; breeze; draught; draft [Noun, Noun - used as a prefix] 2. manner; behaviour; behavior {See also 風 ふう} [Noun] 3. cold; influenza {See also 風邪 かぜ, irreg. kanji form}"
かぜ,風邪,[Noun] 1. common cold; cold; influenza; flu; ague | Other forms: 風邪 【ふうじゃ】
かぞく,家族,"[Noun, No-adjective] 1. family; members of a family"
かた,方,"[Noun] 1. direction; way {also ほう} 2. person; lady; gentleman {Honorific or respectful (sonkeigo)} [Noun, Noun - used as a suffix] 3. method of; manner of; way of [Noun - used as a suffix] 4. care of .. 5. person in charge of .. {also がた} 6. side (e.g. ""on my mother's side"") {also がた}"
がっこう,学校,[Noun] 1. school [Place] 2. Gakkou | Other forms: 學校 【がっこう】 [Notes] 學校: Out-dated kanji.
カップ,カップ,"[Noun] 1. cup (drinking vessel, measure, brassiere, prize, etc.) {See also コップ} 2. instant noodles purchased in cup; cup noodles {Abbreviation, See also カップ麺} [Wikipedia definition] 3. Cup"
かてい,家庭,"[Noun, No-adjective] 1. home; family; household"
かど,角,"[Noun] 1. corner (e.g. desk, pavement) 2. edge"
かばん,かばん,[Noun] 1. bag; satchel; briefcase; basket {Usually written using kana alone} | Other forms: カバン
かびん,花瓶,[Noun] 1. (flower) vase | Other forms: 花びん 【かびん】、花瓶 【はながめ】、花瓶 【かへい】
かみ,紙,[Noun] 1. paper
カメラ,カメラ,[Noun] 1. camera | Other forms: キャメラ
かようび,火曜日,"[Adverbial noun, Temporal noun] 1. Tuesday"
からい,辛い,[I-adjective] 1. spicy; hot 2. salty 3. harsh (criticism); severe (punishment); strict 4. painful; bitter; difficult; tough {See also 辛い つらい}
からだ,体,"[Noun, No-adjective] 1. body {See also 身体 しんたい, からだ is a gikun reading of 身体} [Noun] 2. torso; trunk 3. build; physique; constitution [Noun, No-adjective] 4. health [Noun] 5. corpse; dead body | Other forms: 身体 【からだ】、躰 【からだ】、躯 【からだ】"
かりる,借りる,"[Ichidan verb, Transitive verb] 1. to borrow; to have a loan 2. to rent; to hire"
かるい,軽い,"[I-adjective] 1. light (i.e. not heavy); feeling light (i.e. offering little resistance, moving easily) {Antonym: 重い} 2. light (i.e. of foot); nimble; agile 3. non-serious; minor; unimportant; trivial 4. slight; small; gentle; soft {often as 軽く} 5. easy; simple 6. indiscriminate {See also 口が軽い} | Other forms: 軽い 【かろい】"
カレー,カレー,"[Noun] 1. curry {Usually written using kana alone} 2. rice and curry {Abbreviation, Usually written using kana alone, See also カレーライス} | Other forms: 咖哩 【カリー】 [Notes] 咖哩: Ateji (phonetic) reading. 咖哩: Ateji (phonetic) reading."
カレンダー,カレンダー,[Noun] 1. calendar 2. calender (machine for flattening things) | Other forms: カレンダ
かわ,川,[Noun] 1. river; stream {Only applies to かわ} [Suffix] 2. the .... river; (suffix used with the names of rivers) [Place] 3. Gawa | Other forms: 川 【がわ】、河 【かわ】、河 【がわ】
かわいい,かわいい,[I-adjective] 1. cute; adorable; charming; lovely; pretty {Usually written using kana alone} 2. dear; precious; darling; pet {Usually written using kana alone} 3. cute little; tiny {Usually written using kana alone} | Other forms: 可愛い 【かわゆい】、可愛ゆい 【かわゆい】、カワイイ、カワイい [Notes] 可愛い: Ateji (phonetic) reading. かわゆい: Out-dated or obsolete kana usage. 可愛い: Ateji (phonetic) reading. かわゆい: Out-dated or obsolete kana usage. 可愛ゆい: Ateji (phonetic) reading.
かんじ,漢字,[Noun] 1. Chinese characters; kanji
き,木,[Noun] 1. tree; shrub; bush 2. wood; timber | Other forms: 樹 【き】
きいろ,黄色,"[Na-adjective, Noun] 1. yellow; amber | Other forms: 黄色 【こうしょく】、黄色 【おうしょく】"
きいろい,黄色い,[I-adjective] 1. yellow 2. high-pitched (voice); shrill {See also 黄色い声} | Other forms: 黄いろい 【きいろい】
きえる,消える,"[Ichidan verb, intransitive verb] 1. to go out; to vanish; to disappear"
きく,聞く,"[Godan verb with ku ending, Transitive verb] 1. to hear 2. to listen (e.g. to music) {usu. 聴く} 3. to ask; to enquire; to query {formal 聴く} 4. to learn of; to hear about 5. to follow (advice); to comply with 6. to smell (esp. incense); to sample fragrance {Only applies to 聞く, Only applies to 聴く, See also 香を聞く} | Other forms: 聴く 【きく】、訊く 【きく】"
きた,北,[Noun] 1. north 2. the North; northern territories 3. North Korea {Abbreviation} 4. north wind {Archaism}
ギター,ギター,"[Noun] 1. guitar [Notes] ギター: gai1, ichi1."
きたない,汚い,"[I-adjective] 1. dirty; filthy; foul; unclean 2. disordered; messy; untidy; poor (e.g. handwriting) 3. indecent (language, etc.); dirty; vulgar; coarse 4. dastardly; mean; base; underhanded 5. stingy; greedy | Other forms: 穢い 【きたない】、汚ない 【きたない】 [Notes] 汚ない: Irregular okurigana usage."
きっさてん,喫茶店,[Noun] 1. coffee shop; tearoom; coffee lounge; coffeehouse; cafe | Other forms: 喫茶店 【きっちゃてん】
きって,切手,[Noun] 1. stamp (postage); merchandise certificate
きっぷ,切符,[Noun] 1. ticket [Wikipedia definition] 2. Ticket
きのう,昨日,"[Adverbial noun, Temporal noun] 1. yesterday | Other forms: 昨日 【さくじつ】"
ぎゅうにく,牛肉,[Noun] 1. beef
ぎゅうにゅう,牛乳,[Noun] 1. (cow's) milk
きょう,今日,[Temporal noun] 1. today; this day 2. these days; recently; nowadays {Only applies to こんにち} | Other forms: 今日 【こんにち】、今日 【こんち】、今日 【こんじつ】
きょうしつ,教室,[Noun] 1. classroom 2. department; laboratory 3. single-room school; small school
きょうだい,兄弟,"[Noun] 1. siblings; brothers and sisters {See also ご兄弟} 2. brothers 3. siblings-in-law; brothers-in-law; sisters-in-law 4. mate; friend {Familiar language, Male term or language} | Other forms: 兄弟 【けいてい】"
きょねん,去年,"[Adverbial noun, Temporal noun] 1. last year | Other forms: 去年 【こぞ】 [Notes] こぞ: Out-dated or obsolete kana usage."
きらい,嫌い,"[Na-adjective, Noun] 1. dislike; hate {Antonym: 好き すき} [Noun] 2. suspicion; tendency; smack (of) {Usually written using kana alone, See also 嫌いが在る きらいがある} 3. distinction; discrimination {Usually written using kana alone}"
きる,切る,"[Suffix, Godan verb with ru ending, Transitive verb] 1. to cut; to cut through; to perform (surgery) 2. to sever (connections, ties) {See also 縁を切る} 3. to turn off (e.g. the light) 4. to terminate (e.g. a conversation); to hang up (the phone); to disconnect {See also 電話を切る} 5. to punch (a ticket); to tear off (a stub) 6. to open (something sealed) 7. to start 8. to set (a limit); to do (something) in less or within a certain time; to issue (stamps, vouchers, etc.) 9. to reduce; to decrease; to discount {See also 値切る} 10. to shake off (water, etc.); to let drip-dry; to let drain 11. to cross; to traverse 12. to criticize sharply 13. to act decisively; to do (something noticeable); to go first; to make (certain facial expressions, in kabuki) 14. to turn (a vehicle) 15. to curl (a ball); to bend; to cut 16. to shuffle (cards) 17. to dismiss; to sack; to let go; to expulse; to excommunicate 18. to dig (a groove); to cut (a stencil, on a mimeograph) 19. to trump {See also 切り札} 20. to cut (the connection between two groups) (in go) 21. to start a fire (with wood-wood friction or by striking a metal against stone) {also written as 鑽る} 22. to draw (a shape) in the air (with a sword, etc.) [Suffix, Godan verb with ru ending] 23. to finish; to complete {See also 疲れきる, after the -masu stem of a verb}"
きる,着る,"[Ichidan verb, Transitive verb] 1. to wear (in modern Japanese, from the shoulders down); to put on 2. to bear (guilt, etc.) | Other forms: 著る 【きる】"
きれい,きれい,"[Na-adjective] 1. pretty; lovely; beautiful; fair {Usually written using kana alone} 2. clean; clear; pure; tidy; neat {Usually written using kana alone} 3. completely; entirely {Usually written using kana alone, as きれいに} | Other forms: 奇麗 【きれい】、暉麗 【きれい】、キレイ [Notes] 暉麗: Out-dated kanji."
キロ,キロ,"[Prefix] 1. kilo-; 10^3 {From French } [Noun] 2. kilogram; kilogramme {Abbreviation, See also キログラム} 3. kilometre; kilometer {Abbreviation, See also キロメートル} [Prefix] 4. kilo-; 2^10 {Computer terminology}"
キログラム,キログラム,"[Noun] 1. kilogram; kilogramme {Usually written using kana alone, From French }"
キロメートル,粁,"[Noun] 1. kilometer; kilometre {Usually written using kana alone, From French } | Other forms: 粁 【キロメイトル】 [Notes] キロメートル: gai1, ichi1."
ぎんこう,銀行,"[Noun, No-adjective] 1. bank"
きんようび,金曜日,"[Adverbial noun, Temporal noun] 1. Friday"
くすり,薬,"[Noun] 1. medicine; pharmaceuticals; (legal) drugs; pill; ointment; salve 2. efficacious chemical (gunpowder, pesticide, etc.) 3. (pottery) glaze 4. small bribe {See also 鼻薬}"
ください,ください,"[Expression] 1. please give me {Usually written using kana alone, Honorific or respectful (sonkeigo)} 2. please do for me {Usually written using kana alone, Honorific or respectful (sonkeigo), after te-form of a verb or a noun prefixed with o- or go-}"
くだもの,果物,[Noun] 1. fruit | Other forms: 菓物 【くだもの】、果物 【かぶつ】
くち,口,"[Noun] 1. mouth 2. opening; hole; gap; orifice 3. mouth (of a bottle); spout; nozzle; mouthpiece 4. gate; door; entrance; exit 5. speaking; speech; talk (i.e. gossip) {See also 口を利く} 6. taste; palate {See also 口に合う} 7. mouth (to feed) 8. opening (i.e. vacancy); available position {See also 働き口} 9. invitation; summons {See also 口がかかる} 10. kind; sort; type 11. opening (i.e. beginning) [Suffix, Counter] 12. counter for mouthfuls, shares (of money), and swords"
くつ,靴,[Noun] 1. shoes; boots; footwear; footgear | Other forms: 沓 【くつ】、履 【くつ】、鞋 【くつ】